id,price
1,540088
2,540088
3,540088
4,540088
5,540088
6,540088
7,540088
8,540088
9,540088
10,540088
11,540088
12,540088
13,540088
14,540088
15,540088
16,540088
17,540088
18,540088
19,540088
20,540088
21,540088
22,540088
23,540088
24,540088
25,540088
26,540088
27,540088
28,540088
29,540088
30,540088
31,540088
32,540088
33,540088
34,540088
35,540088
36,540088
37,540088
38,540088
39,540088
40,540088
41,540088
42,540088
43,540088
44,540088
45,540088
46,540088
47,540088
48,540088
49,540088
50,540088
51,540088
52,540088
53,540088
54,540088
55,540088
56,540088
57,540088
58,540088
59,540088
60,540088
61,540088
62,540088
63,540088
64,540088
65,540088
66,540088
67,540088
68,540088
69,540088
70,540088
71,540088
72,540088
73,540088
74,540088
75,540088
76,540088
77,540088
78,540088
79,540088
80,540088
81,540088
82,540088
83,540088
84,540088
85,540088
86,540088
87,540088
88,540088
89,540088
90,540088
91,540088
92,540088
93,540088
94,540088
95,540088
96,540088
97,540088
98,540088
99,540088
100,540088
101,540088
102,540088
103,540088
104,540088
105,540088
106,540088
107,540088
108,540088
109,540088
110,540088
111,540088
112,540088
113,540088
114,540088
115,540088
116,540088
117,540088
118,540088
119,540088
120,540088
121,540088
122,540088
123,540088
124,540088
125,540088
126,540088
127,540088
128,540088
129,540088
130,540088
131,540088
132,540088
133,540088
134,540088
135,540088
136,540088
137,540088
138,540088
139,540088
140,540088
141,540088
142,540088
143,540088
144,540088
145,540088
146,540088
147,540088
148,540088
149,540088
150,540088
151,540088
152,540088
153,540088
154,540088
155,540088
156,540088
157,540088
158,540088
159,540088
160,540088
161,540088
162,540088
163,540088
164,540088
165,540088
166,540088
167,540088
168,540088
169,540088
170,540088
171,540088
172,540088
173,540088
174,540088
175,540088
176,540088
177,540088
178,540088
179,540088
180,540088
181,540088
182,540088
183,540088
184,540088
185,540088
186,540088
187,540088
188,540088
189,540088
190,540088
191,540088
192,540088
193,540088
194,540088
195,540088
196,540088
197,540088
198,540088
199,540088
200,540088
201,540088
202,540088
203,540088
204,540088
205,540088
206,540088
207,540088
208,540088
209,540088
210,540088
211,540088
212,540088
213,540088
214,540088
215,540088
216,540088
217,540088
218,540088
219,540088
220,540088
221,540088
222,540088
223,540088
224,540088
225,540088
226,540088
227,540088
228,540088
229,540088
230,540088
231,540088
232,540088
233,540088
234,540088
235,540088
236,540088
237,540088
238,540088
239,540088
240,540088
241,540088
242,540088
243,540088
244,540088
245,540088
246,540088
247,540088
248,540088
249,540088
250,540088
251,540088
252,540088
253,540088
254,540088
255,540088
256,540088
257,540088
258,540088
259,540088
260,540088
261,540088
262,540088
263,540088
264,540088
265,540088
266,540088
267,540088
268,540088
269,540088
270,540088
271,540088
272,540088
273,540088
274,540088
275,540088
276,540088
277,540088
278,540088
279,540088
280,540088
281,540088
282,540088
283,540088
284,540088
285,540088
286,540088
287,540088
288,540088
289,540088
290,540088
291,540088
292,540088
293,540088
294,540088
295,540088
296,540088
297,540088
298,540088
299,540088
300,540088
301,540088
302,540088
303,540088
304,540088
305,540088
306,540088
307,540088
308,540088
309,540088
310,540088
311,540088
312,540088
313,540088
314,540088
315,540088
316,540088
317,540088
318,540088
319,540088
320,540088
321,540088
322,540088
323,540088
324,540088
325,540088
326,540088
327,540088
328,540088
329,540088
330,540088
331,540088
332,540088
333,540088
334,540088
335,540088
336,540088
337,540088
338,540088
339,540088
340,540088
341,540088
342,540088
343,540088
344,540088
345,540088
346,540088
347,540088
348,540088
349,540088
350,540088
351,540088
352,540088
353,540088
354,540088
355,540088
356,540088
357,540088
358,540088
359,540088
360,540088
361,540088
362,540088
363,540088
364,540088
365,540088
366,540088
367,540088
368,540088
369,540088
370,540088
371,540088
372,540088
373,540088
374,540088
375,540088
376,540088
377,540088
378,540088
379,540088
380,540088
381,540088
382,540088
383,540088
384,540088
385,540088
386,540088
387,540088
388,540088
389,540088
390,540088
391,540088
392,540088
393,540088
394,540088
395,540088
396,540088
397,540088
398,540088
399,540088
400,540088
401,540088
402,540088
403,540088
404,540088
405,540088
406,540088
407,540088
408,540088
409,540088
410,540088
411,540088
412,540088
413,540088
414,540088
415,540088
416,540088
417,540088
418,540088
419,540088
420,540088
421,540088
422,540088
423,540088
424,540088
425,540088
426,540088
427,540088
428,540088
429,540088
430,540088
431,540088
432,540088
433,540088
434,540088
435,540088
436,540088
437,540088
438,540088
439,540088
440,540088
441,540088
442,540088
443,540088
444,540088
445,540088
446,540088
447,540088
448,540088
449,540088
450,540088
451,540088
452,540088
453,540088
454,540088
455,540088
456,540088
457,540088
458,540088
459,540088
460,540088
461,540088
462,540088
463,540088
464,540088
465,540088
466,540088
467,540088
468,540088
469,540088
470,540088
471,540088
472,540088
473,540088
474,540088
475,540088
476,540088
477,540088
478,540088
479,540088
480,540088
481,540088
482,540088
483,540088
484,540088
485,540088
486,540088
487,540088
488,540088
489,540088
490,540088
491,540088
492,540088
493,540088
494,540088
495,540088
496,540088
497,540088
498,540088
499,540088
500,540088
501,540088
502,540088
503,540088
504,540088
505,540088
506,540088
507,540088
508,540088
509,540088
510,540088
511,540088
512,540088
513,540088
514,540088
515,540088
516,540088
517,540088
518,540088
519,540088
520,540088
521,540088
522,540088
523,540088
524,540088
525,540088
526,540088
527,540088
528,540088
529,540088
530,540088
531,540088
532,540088
533,540088
534,540088
535,540088
536,540088
537,540088
538,540088
539,540088
540,540088
541,540088
542,540088
543,540088
544,540088
545,540088
546,540088
547,540088
548,540088
549,540088
550,540088
551,540088
552,540088
553,540088
554,540088
555,540088
556,540088
557,540088
558,540088
559,540088
560,540088
561,540088
562,540088
563,540088
564,540088
565,540088
566,540088
567,540088
568,540088
569,540088
570,540088
571,540088
572,540088
573,540088
574,540088
575,540088
576,540088
577,540088
578,540088
579,540088
580,540088
581,540088
582,540088
583,540088
584,540088
585,540088
586,540088
587,540088
588,540088
589,540088
590,540088
591,540088
592,540088
593,540088
594,540088
595,540088
596,540088
597,540088
598,540088
599,540088
600,540088
601,540088
602,540088
603,540088
604,540088
605,540088
606,540088
607,540088
608,540088
609,540088
610,540088
611,540088
612,540088
613,540088
614,540088
615,540088
616,540088
617,540088
618,540088
619,540088
620,540088
621,540088
622,540088
623,540088
624,540088
625,540088
626,540088
627,540088
628,540088
629,540088
630,540088
631,540088
632,540088
633,540088
634,540088
635,540088
636,540088
637,540088
638,540088
639,540088
640,540088
641,540088
642,540088
643,540088
644,540088
645,540088
646,540088
647,540088
648,540088
649,540088
650,540088
651,540088
652,540088
653,540088
654,540088
655,540088
656,540088
657,540088
658,540088
659,540088
660,540088
661,540088
662,540088
663,540088
664,540088
665,540088
666,540088
667,540088
668,540088
669,540088
670,540088
671,540088
672,540088
673,540088
674,540088
675,540088
676,540088
677,540088
678,540088
679,540088
680,540088
681,540088
682,540088
683,540088
684,540088
685,540088
686,540088
687,540088
688,540088
689,540088
690,540088
691,540088
692,540088
693,540088
694,540088
695,540088
696,540088
697,540088
698,540088
699,540088
700,540088
701,540088
702,540088
703,540088
704,540088
705,540088
706,540088
707,540088
708,540088
709,540088
710,540088
711,540088
712,540088
713,540088
714,540088
715,540088
716,540088
717,540088
718,540088
719,540088
720,540088
721,540088
722,540088
723,540088
724,540088
725,540088
726,540088
727,540088
728,540088
729,540088
730,540088
731,540088
732,540088
733,540088
734,540088
735,540088
736,540088
737,540088
738,540088
739,540088
740,540088
741,540088
742,540088
743,540088
744,540088
745,540088
746,540088
747,540088
748,540088
749,540088
750,540088
751,540088
752,540088
753,540088
754,540088
755,540088
756,540088
757,540088
758,540088
759,540088
760,540088
761,540088
762,540088
763,540088
764,540088
765,540088
766,540088
767,540088
768,540088
769,540088
770,540088
771,540088
772,540088
773,540088
774,540088
775,540088
776,540088
777,540088
778,540088
779,540088
780,540088
781,540088
782,540088
783,540088
784,540088
785,540088
786,540088
787,540088
788,540088
789,540088
790,540088
791,540088
792,540088
793,540088
794,540088
795,540088
796,540088
797,540088
798,540088
799,540088
800,540088
801,540088
802,540088
803,540088
804,540088
805,540088
806,540088
807,540088
808,540088
809,540088
810,540088
811,540088
812,540088
813,540088
814,540088
815,540088
816,540088
817,540088
818,540088
819,540088
820,540088
821,540088
822,540088
823,540088
824,540088
825,540088
826,540088
827,540088
828,540088
829,540088
830,540088
831,540088
832,540088
833,540088
834,540088
835,540088
836,540088
837,540088
838,540088
839,540088
840,540088
841,540088
842,540088
843,540088
844,540088
845,540088
846,540088
847,540088
848,540088
849,540088
850,540088
851,540088
852,540088
853,540088
854,540088
855,540088
856,540088
857,540088
858,540088
859,540088
860,540088
861,540088
862,540088
863,540088
864,540088
865,540088
866,540088
867,540088
868,540088
869,540088
870,540088
871,540088
872,540088
873,540088
874,540088
875,540088
876,540088
877,540088
878,540088
879,540088
880,540088
881,540088
882,540088
883,540088
884,540088
885,540088
886,540088
887,540088
888,540088
889,540088
890,540088
891,540088
892,540088
893,540088
894,540088
895,540088
896,540088
897,540088
898,540088
899,540088
900,540088
901,540088
902,540088
903,540088
904,540088
905,540088
906,540088
907,540088
908,540088
909,540088
910,540088
911,540088
912,540088
913,540088
914,540088
915,540088
916,540088
917,540088
918,540088
919,540088
920,540088
921,540088
922,540088
923,540088
924,540088
925,540088
926,540088
927,540088
928,540088
929,540088
930,540088
931,540088
932,540088
933,540088
934,540088
935,540088
936,540088
937,540088
938,540088
939,540088
940,540088
941,540088
942,540088
943,540088
944,540088
945,540088
946,540088
947,540088
948,540088
949,540088
950,540088
951,540088
952,540088
953,540088
954,540088
955,540088
956,540088
957,540088
958,540088
959,540088
960,540088
961,540088
962,540088
963,540088
964,540088
965,540088
966,540088
967,540088
968,540088
969,540088
970,540088
971,540088
972,540088
973,540088
974,540088
975,540088
976,540088
977,540088
978,540088
979,540088
980,540088
981,540088
982,540088
983,540088
984,540088
985,540088
986,540088
987,540088
988,540088
989,540088
990,540088
991,540088
992,540088
993,540088
994,540088
995,540088
996,540088
997,540088
998,540088
999,540088
1000,540088
1001,540088
1002,540088
1003,540088
1004,540088
1005,540088
1006,540088
1007,540088
1008,540088
1009,540088
1010,540088
1011,540088
1012,540088
1013,540088
1014,540088
1015,540088
1016,540088
1017,540088
1018,540088
1019,540088
1020,540088
1021,540088
1022,540088
1023,540088
1024,540088
1025,540088
1026,540088
1027,540088
1028,540088
1029,540088
1030,540088
1031,540088
1032,540088
1033,540088
1034,540088
1035,540088
1036,540088
1037,540088
1038,540088
1039,540088
1040,540088
1041,540088
1042,540088
1043,540088
1044,540088
1045,540088
1046,540088
1047,540088
1048,540088
1049,540088
1050,540088
1051,540088
1052,540088
1053,540088
1054,540088
1055,540088
1056,540088
1057,540088
1058,540088
1059,540088
1060,540088
1061,540088
1062,540088
1063,540088
1064,540088
1065,540088
1066,540088
1067,540088
1068,540088
1069,540088
1070,540088
1071,540088
1072,540088
1073,540088
1074,540088
1075,540088
1076,540088
1077,540088
1078,540088
1079,540088
1080,540088
1081,540088
1082,540088
1083,540088
1084,540088
1085,540088
1086,540088
1087,540088
1088,540088
1089,540088
1090,540088
1091,540088
1092,540088
1093,540088
1094,540088
1095,540088
1096,540088
1097,540088
1098,540088
1099,540088
1100,540088
1101,540088
1102,540088
1103,540088
1104,540088
1105,540088
1106,540088
1107,540088
1108,540088
1109,540088
1110,540088
1111,540088
1112,540088
1113,540088
1114,540088
1115,540088
1116,540088
1117,540088
1118,540088
1119,540088
1120,540088
1121,540088
1122,540088
1123,540088
1124,540088
1125,540088
1126,540088
1127,540088
1128,540088
1129,540088
1130,540088
1131,540088
1132,540088
1133,540088
1134,540088
1135,540088
1136,540088
1137,540088
1138,540088
1139,540088
1140,540088
1141,540088
1142,540088
1143,540088
1144,540088
1145,540088
1146,540088
1147,540088
1148,540088
1149,540088
1150,540088
1151,540088
1152,540088
1153,540088
1154,540088
1155,540088
1156,540088
1157,540088
1158,540088
1159,540088
1160,540088
1161,540088
1162,540088
1163,540088
1164,540088
1165,540088
1166,540088
1167,540088
1168,540088
1169,540088
1170,540088
1171,540088
1172,540088
1173,540088
1174,540088
1175,540088
1176,540088
1177,540088
1178,540088
1179,540088
1180,540088
1181,540088
1182,540088
1183,540088
1184,540088
1185,540088
1186,540088
1187,540088
1188,540088
1189,540088
1190,540088
1191,540088
1192,540088
1193,540088
1194,540088
1195,540088
1196,540088
1197,540088
1198,540088
1199,540088
1200,540088
1201,540088
1202,540088
1203,540088
1204,540088
1205,540088
1206,540088
1207,540088
1208,540088
1209,540088
1210,540088
1211,540088
1212,540088
1213,540088
1214,540088
1215,540088
1216,540088
1217,540088
1218,540088
1219,540088
1220,540088
1221,540088
1222,540088
1223,540088
1224,540088
1225,540088
1226,540088
1227,540088
1228,540088
1229,540088
1230,540088
1231,540088
1232,540088
1233,540088
1234,540088
1235,540088
1236,540088
1237,540088
1238,540088
1239,540088
1240,540088
1241,540088
1242,540088
1243,540088
1244,540088
1245,540088
1246,540088
1247,540088
1248,540088
1249,540088
1250,540088
1251,540088
1252,540088
1253,540088
1254,540088
1255,540088
1256,540088
1257,540088
1258,540088
1259,540088
1260,540088
1261,540088
1262,540088
1263,540088
1264,540088
1265,540088
1266,540088
1267,540088
1268,540088
1269,540088
1270,540088
1271,540088
1272,540088
1273,540088
1274,540088
1275,540088
1276,540088
1277,540088
1278,540088
1279,540088
1280,540088
1281,540088
1282,540088
1283,540088
1284,540088
1285,540088
1286,540088
1287,540088
1288,540088
1289,540088
1290,540088
1291,540088
1292,540088
1293,540088
1294,540088
1295,540088
1296,540088
1297,540088
1298,540088
1299,540088
1300,540088
1301,540088
1302,540088
1303,540088
1304,540088
1305,540088
1306,540088
1307,540088
1308,540088
1309,540088
1310,540088
1311,540088
1312,540088
1313,540088
1314,540088
1315,540088
1316,540088
1317,540088
1318,540088
1319,540088
1320,540088
1321,540088
1322,540088
1323,540088
1324,540088
1325,540088
1326,540088
1327,540088
1328,540088
1329,540088
1330,540088
1331,540088
1332,540088
1333,540088
1334,540088
1335,540088
1336,540088
1337,540088
1338,540088
1339,540088
1340,540088
1341,540088
1342,540088
1343,540088
1344,540088
1345,540088
1346,540088
1347,540088
1348,540088
1349,540088
1350,540088
1351,540088
1352,540088
1353,540088
1354,540088
1355,540088
1356,540088
1357,540088
1358,540088
1359,540088
1360,540088
1361,540088
1362,540088
1363,540088
1364,540088
1365,540088
1366,540088
1367,540088
1368,540088
1369,540088
1370,540088
1371,540088
1372,540088
1373,540088
1374,540088
1375,540088
1376,540088
1377,540088
1378,540088
1379,540088
1380,540088
1381,540088
1382,540088
1383,540088
1384,540088
1385,540088
1386,540088
1387,540088
1388,540088
1389,540088
1390,540088
1391,540088
1392,540088
1393,540088
1394,540088
1395,540088
1396,540088
1397,540088
1398,540088
1399,540088
1400,540088
1401,540088
1402,540088
1403,540088
1404,540088
1405,540088
1406,540088
1407,540088
1408,540088
1409,540088
1410,540088
1411,540088
1412,540088
1413,540088
1414,540088
1415,540088
1416,540088
1417,540088
1418,540088
1419,540088
1420,540088
1421,540088
1422,540088
1423,540088
1424,540088
1425,540088
1426,540088
1427,540088
1428,540088
1429,540088
1430,540088
1431,540088
1432,540088
1433,540088
1434,540088
1435,540088
1436,540088
1437,540088
1438,540088
1439,540088
1440,540088
1441,540088
1442,540088
1443,540088
1444,540088
1445,540088
1446,540088
1447,540088
1448,540088
1449,540088
1450,540088
1451,540088
1452,540088
1453,540088
1454,540088
1455,540088
1456,540088
1457,540088
1458,540088
1459,540088
1460,540088
1461,540088
1462,540088
1463,540088
1464,540088
1465,540088
1466,540088
1467,540088
1468,540088
1469,540088
1470,540088
1471,540088
1472,540088
1473,540088
1474,540088
1475,540088
1476,540088
1477,540088
1478,540088
1479,540088
1480,540088
1481,540088
1482,540088
1483,540088
1484,540088
1485,540088
1486,540088
1487,540088
1488,540088
1489,540088
1490,540088
1491,540088
1492,540088
1493,540088
1494,540088
1495,540088
1496,540088
1497,540088
1498,540088
1499,540088
1500,540088
1501,540088
1502,540088
1503,540088
1504,540088
1505,540088
1506,540088
1507,540088
1508,540088
1509,540088
1510,540088
1511,540088
1512,540088
1513,540088
1514,540088
1515,540088
1516,540088
1517,540088
1518,540088
1519,540088
1520,540088
1521,540088
1522,540088
1523,540088
1524,540088
1525,540088
1526,540088
1527,540088
1528,540088
1529,540088
1530,540088
1531,540088
1532,540088
1533,540088
1534,540088
1535,540088
1536,540088
1537,540088
1538,540088
1539,540088
1540,540088
1541,540088
1542,540088
1543,540088
1544,540088
1545,540088
1546,540088
1547,540088
1548,540088
1549,540088
1550,540088
1551,540088
1552,540088
1553,540088
1554,540088
1555,540088
1556,540088
1557,540088
1558,540088
1559,540088
1560,540088
1561,540088
1562,540088
1563,540088
1564,540088
1565,540088
1566,540088
1567,540088
1568,540088
1569,540088
1570,540088
1571,540088
1572,540088
1573,540088
1574,540088
1575,540088
1576,540088
1577,540088
1578,540088
1579,540088
1580,540088
1581,540088
1582,540088
1583,540088
1584,540088
1585,540088
1586,540088
1587,540088
1588,540088
1589,540088
1590,540088
1591,540088
1592,540088
1593,540088
1594,540088
1595,540088
1596,540088
1597,540088
1598,540088
1599,540088
1600,540088
1601,540088
1602,540088
1603,540088
1604,540088
1605,540088
1606,540088
1607,540088
1608,540088
1609,540088
1610,540088
1611,540088
1612,540088
1613,540088
1614,540088
1615,540088
1616,540088
1617,540088
1618,540088
1619,540088
1620,540088
1621,540088
1622,540088
1623,540088
1624,540088
1625,540088
1626,540088
1627,540088
1628,540088
1629,540088
1630,540088
1631,540088
1632,540088
1633,540088
1634,540088
1635,540088
1636,540088
1637,540088
1638,540088
1639,540088
1640,540088
1641,540088
1642,540088
1643,540088
1644,540088
1645,540088
1646,540088
1647,540088
1648,540088
1649,540088
1650,540088
1651,540088
1652,540088
1653,540088
1654,540088
1655,540088
1656,540088
1657,540088
1658,540088
1659,540088
1660,540088
1661,540088
1662,540088
1663,540088
1664,540088
1665,540088
1666,540088
1667,540088
1668,540088
1669,540088
1670,540088
1671,540088
1672,540088
1673,540088
1674,540088
1675,540088
1676,540088
1677,540088
1678,540088
1679,540088
1680,540088
1681,540088
1682,540088
1683,540088
1684,540088
1685,540088
1686,540088
1687,540088
1688,540088
1689,540088
1690,540088
1691,540088
1692,540088
1693,540088
1694,540088
1695,540088
1696,540088
1697,540088
1698,540088
1699,540088
1700,540088
1701,540088
1702,540088
1703,540088
1704,540088
1705,540088
1706,540088
1707,540088
1708,540088
1709,540088
1710,540088
1711,540088
1712,540088
1713,540088
1714,540088
1715,540088
1716,540088
1717,540088
1718,540088
1719,540088
1720,540088
1721,540088
1722,540088
1723,540088
1724,540088
1725,540088
1726,540088
1727,540088
1728,540088
1729,540088
1730,540088
1731,540088
1732,540088
1733,540088
1734,540088
1735,540088
1736,540088
1737,540088
1738,540088
1739,540088
1740,540088
1741,540088
1742,540088
1743,540088
1744,540088
1745,540088
1746,540088
1747,540088
1748,540088
1749,540088
1750,540088
1751,540088
1752,540088
1753,540088
1754,540088
1755,540088
1756,540088
1757,540088
1758,540088
1759,540088
1760,540088
1761,540088
1762,540088
1763,540088
1764,540088
1765,540088
1766,540088
1767,540088
1768,540088
1769,540088
1770,540088
1771,540088
1772,540088
1773,540088
1774,540088
1775,540088
1776,540088
1777,540088
1778,540088
1779,540088
1780,540088
1781,540088
1782,540088
1783,540088
1784,540088
1785,540088
1786,540088
1787,540088
1788,540088
1789,540088
1790,540088
1791,540088
1792,540088
1793,540088
1794,540088
1795,540088
1796,540088
1797,540088
1798,540088
1799,540088
1800,540088
1801,540088
1802,540088
1803,540088
1804,540088
1805,540088
1806,540088
1807,540088
1808,540088
1809,540088
1810,540088
1811,540088
1812,540088
1813,540088
1814,540088
1815,540088
1816,540088
1817,540088
1818,540088
1819,540088
1820,540088
1821,540088
1822,540088
1823,540088
1824,540088
1825,540088
1826,540088
1827,540088
1828,540088
1829,540088
1830,540088
1831,540088
1832,540088
1833,540088
1834,540088
1835,540088
1836,540088
1837,540088
1838,540088
1839,540088
1840,540088
1841,540088
1842,540088
1843,540088
1844,540088
1845,540088
1846,540088
1847,540088
1848,540088
1849,540088
1850,540088
1851,540088
1852,540088
1853,540088
1854,540088
1855,540088
1856,540088
1857,540088
1858,540088
1859,540088
1860,540088
1861,540088
1862,540088
1863,540088
1864,540088
1865,540088
1866,540088
1867,540088
1868,540088
1869,540088
1870,540088
1871,540088
1872,540088
1873,540088
1874,540088
1875,540088
1876,540088
1877,540088
1878,540088
1879,540088
1880,540088
1881,540088
1882,540088
1883,540088
1884,540088
1885,540088
1886,540088
1887,540088
1888,540088
1889,540088
1890,540088
1891,540088
1892,540088
1893,540088
1894,540088
1895,540088
1896,540088
1897,540088
1898,540088
1899,540088
1900,540088
1901,540088
1902,540088
1903,540088
1904,540088
1905,540088
1906,540088
1907,540088
1908,540088
1909,540088
1910,540088
1911,540088
1912,540088
1913,540088
1914,540088
1915,540088
1916,540088
1917,540088
1918,540088
1919,540088
1920,540088
1921,540088
1922,540088
1923,540088
1924,540088
1925,540088
1926,540088
1927,540088
1928,540088
1929,540088
1930,540088
1931,540088
1932,540088
1933,540088
1934,540088
1935,540088
1936,540088
1937,540088
1938,540088
1939,540088
1940,540088
1941,540088
1942,540088
1943,540088
1944,540088
1945,540088
1946,540088
1947,540088
1948,540088
1949,540088
1950,540088
1951,540088
1952,540088
1953,540088
1954,540088
1955,540088
1956,540088
1957,540088
1958,540088
1959,540088
1960,540088
1961,540088
1962,540088
1963,540088
1964,540088
1965,540088
1966,540088
1967,540088
1968,540088
1969,540088
1970,540088
1971,540088
1972,540088
1973,540088
1974,540088
1975,540088
1976,540088
1977,540088
1978,540088
1979,540088
1980,540088
1981,540088
1982,540088
1983,540088
1984,540088
1985,540088
1986,540088
1987,540088
1988,540088
1989,540088
1990,540088
1991,540088
1992,540088
1993,540088
1994,540088
1995,540088
1996,540088
1997,540088
1998,540088
1999,540088
2000,540088
2001,540088
2002,540088
2003,540088
2004,540088
2005,540088
2006,540088
2007,540088
2008,540088
2009,540088
2010,540088
2011,540088
2012,540088
2013,540088
2014,540088
2015,540088
2016,540088
2017,540088
2018,540088
2019,540088
2020,540088
2021,540088
2022,540088
2023,540088
2024,540088
2025,540088
2026,540088
2027,540088
2028,540088
2029,540088
2030,540088
2031,540088
2032,540088
2033,540088
2034,540088
2035,540088
2036,540088
2037,540088
2038,540088
2039,540088
2040,540088
2041,540088
2042,540088
2043,540088
2044,540088
2045,540088
2046,540088
2047,540088
2048,540088
2049,540088
2050,540088
2051,540088
2052,540088
2053,540088
2054,540088
2055,540088
2056,540088
2057,540088
2058,540088
2059,540088
2060,540088
2061,540088
2062,540088
2063,540088
2064,540088
2065,540088
2066,540088
2067,540088
2068,540088
2069,540088
2070,540088
2071,540088
2072,540088
2073,540088
2074,540088
2075,540088
2076,540088
2077,540088
2078,540088
2079,540088
2080,540088
2081,540088
2082,540088
2083,540088
2084,540088
2085,540088
2086,540088
2087,540088
2088,540088
2089,540088
2090,540088
2091,540088
2092,540088
2093,540088
2094,540088
2095,540088
2096,540088
2097,540088
2098,540088
2099,540088
2100,540088
2101,540088
2102,540088
2103,540088
2104,540088
2105,540088
2106,540088
2107,540088
2108,540088
2109,540088
2110,540088
2111,540088
2112,540088
2113,540088
2114,540088
2115,540088
2116,540088
2117,540088
2118,540088
2119,540088
2120,540088
2121,540088
2122,540088
2123,540088
2124,540088
2125,540088
2126,540088
2127,540088
2128,540088
2129,540088
2130,540088
2131,540088
2132,540088
2133,540088
2134,540088
2135,540088
2136,540088
2137,540088
2138,540088
2139,540088
2140,540088
2141,540088
2142,540088
2143,540088
2144,540088
2145,540088
2146,540088
2147,540088
2148,540088
2149,540088
2150,540088
2151,540088
2152,540088
2153,540088
2154,540088
2155,540088
2156,540088
2157,540088
2158,540088
2159,540088
2160,540088
2161,540088
2162,540088
2163,540088
2164,540088
2165,540088
2166,540088
2167,540088
2168,540088
2169,540088
2170,540088
2171,540088
2172,540088
2173,540088
2174,540088
2175,540088
2176,540088
2177,540088
2178,540088
2179,540088
2180,540088
2181,540088
2182,540088
2183,540088
2184,540088
2185,540088
2186,540088
2187,540088
2188,540088
2189,540088
2190,540088
2191,540088
2192,540088
2193,540088
2194,540088
2195,540088
2196,540088
2197,540088
2198,540088
2199,540088
2200,540088
2201,540088
2202,540088
2203,540088
2204,540088
2205,540088
2206,540088
2207,540088
2208,540088
2209,540088
2210,540088
2211,540088
2212,540088
2213,540088
2214,540088
2215,540088
2216,540088
2217,540088
2218,540088
2219,540088
2220,540088
2221,540088
2222,540088
2223,540088
2224,540088
2225,540088
2226,540088
2227,540088
2228,540088
2229,540088
2230,540088
2231,540088
2232,540088
2233,540088
2234,540088
2235,540088
2236,540088
2237,540088
2238,540088
2239,540088
2240,540088
2241,540088
2242,540088
2243,540088
2244,540088
2245,540088
2246,540088
2247,540088
2248,540088
2249,540088
2250,540088
2251,540088
2252,540088
2253,540088
2254,540088
2255,540088
2256,540088
2257,540088
2258,540088
2259,540088
2260,540088
2261,540088
2262,540088
2263,540088
2264,540088
2265,540088
2266,540088
2267,540088
2268,540088
2269,540088
2270,540088
2271,540088
2272,540088
2273,540088
2274,540088
2275,540088
2276,540088
2277,540088
2278,540088
2279,540088
2280,540088
2281,540088
2282,540088
2283,540088
2284,540088
2285,540088
2286,540088
2287,540088
2288,540088
2289,540088
2290,540088
2291,540088
2292,540088
2293,540088
2294,540088
2295,540088
2296,540088
2297,540088
2298,540088
2299,540088
2300,540088
2301,540088
2302,540088
2303,540088
2304,540088
2305,540088
2306,540088
2307,540088
2308,540088
2309,540088
2310,540088
2311,540088
2312,540088
2313,540088
2314,540088
2315,540088
2316,540088
2317,540088
2318,540088
2319,540088
2320,540088
2321,540088
2322,540088
2323,540088
2324,540088
2325,540088
2326,540088
2327,540088
2328,540088
2329,540088
2330,540088
2331,540088
2332,540088
2333,540088
2334,540088
2335,540088
2336,540088
2337,540088
2338,540088
2339,540088
2340,540088
2341,540088
2342,540088
2343,540088
2344,540088
2345,540088
2346,540088
2347,540088
2348,540088
2349,540088
2350,540088
2351,540088
2352,540088
2353,540088
2354,540088
2355,540088
2356,540088
2357,540088
2358,540088
2359,540088
2360,540088
2361,540088
2362,540088
2363,540088
2364,540088
2365,540088
2366,540088
2367,540088
2368,540088
2369,540088
2370,540088
2371,540088
2372,540088
2373,540088
2374,540088
2375,540088
2376,540088
2377,540088
2378,540088
2379,540088
2380,540088
2381,540088
2382,540088
2383,540088
2384,540088
2385,540088
2386,540088
2387,540088
2388,540088
2389,540088
2390,540088
2391,540088
2392,540088
2393,540088
2394,540088
2395,540088
2396,540088
2397,540088
2398,540088
2399,540088
2400,540088
2401,540088
2402,540088
2403,540088
2404,540088
2405,540088
2406,540088
2407,540088
2408,540088
2409,540088
2410,540088
2411,540088
2412,540088
2413,540088
2414,540088
2415,540088
2416,540088
2417,540088
2418,540088
2419,540088
2420,540088
2421,540088
2422,540088
2423,540088
2424,540088
2425,540088
2426,540088
2427,540088
2428,540088
2429,540088
2430,540088
2431,540088
2432,540088
2433,540088
2434,540088
2435,540088
2436,540088
2437,540088
2438,540088
2439,540088
2440,540088
2441,540088
2442,540088
2443,540088
2444,540088
2445,540088
2446,540088
2447,540088
2448,540088
2449,540088
2450,540088
2451,540088
2452,540088
2453,540088
2454,540088
2455,540088
2456,540088
2457,540088
2458,540088
2459,540088
2460,540088
2461,540088
2462,540088
2463,540088
2464,540088
2465,540088
2466,540088
2467,540088
2468,540088
2469,540088
2470,540088
2471,540088
2472,540088
2473,540088
2474,540088
2475,540088
2476,540088
2477,540088
2478,540088
2479,540088
2480,540088
2481,540088
2482,540088
2483,540088
2484,540088
2485,540088
2486,540088
2487,540088
2488,540088
2489,540088
2490,540088
2491,540088
2492,540088
2493,540088
2494,540088
2495,540088
2496,540088
2497,540088
2498,540088
2499,540088
2500,540088
2501,540088
2502,540088
2503,540088
2504,540088
2505,540088
2506,540088
2507,540088
2508,540088
2509,540088
2510,540088
2511,540088
2512,540088
2513,540088
2514,540088
2515,540088
2516,540088
2517,540088
2518,540088
2519,540088
2520,540088
2521,540088
2522,540088
2523,540088
2524,540088
2525,540088
2526,540088
2527,540088
2528,540088
2529,540088
2530,540088
2531,540088
2532,540088
2533,540088
2534,540088
2535,540088
2536,540088
2537,540088
2538,540088
2539,540088
2540,540088
2541,540088
2542,540088
2543,540088
2544,540088
2545,540088
2546,540088
2547,540088
2548,540088
2549,540088
2550,540088
2551,540088
2552,540088
2553,540088
2554,540088
2555,540088
2556,540088
2557,540088
2558,540088
2559,540088
2560,540088
2561,540088
2562,540088
2563,540088
2564,540088
2565,540088
2566,540088
2567,540088
2568,540088
2569,540088
2570,540088
2571,540088
2572,540088
2573,540088
2574,540088
2575,540088
2576,540088
2577,540088
2578,540088
2579,540088
2580,540088
2581,540088
2582,540088
2583,540088
2584,540088
2585,540088
2586,540088
2587,540088
2588,540088
2589,540088
2590,540088
2591,540088
2592,540088
2593,540088
2594,540088
2595,540088
2596,540088
2597,540088
2598,540088
2599,540088
2600,540088
2601,540088
2602,540088
2603,540088
2604,540088
2605,540088
2606,540088
2607,540088
2608,540088
2609,540088
2610,540088
2611,540088
2612,540088
2613,540088
2614,540088
2615,540088
2616,540088
2617,540088
2618,540088
2619,540088
2620,540088
2621,540088
2622,540088
2623,540088
2624,540088
2625,540088
2626,540088
2627,540088
2628,540088
2629,540088
2630,540088
2631,540088
2632,540088
2633,540088
2634,540088
2635,540088
2636,540088
2637,540088
2638,540088
2639,540088
2640,540088
2641,540088
2642,540088
2643,540088
2644,540088
2645,540088
2646,540088
2647,540088
2648,540088
2649,540088
2650,540088
2651,540088
2652,540088
2653,540088
2654,540088
2655,540088
2656,540088
2657,540088
2658,540088
2659,540088
2660,540088
2661,540088
2662,540088
2663,540088
2664,540088
2665,540088
2666,540088
2667,540088
2668,540088
2669,540088
2670,540088
2671,540088
2672,540088
2673,540088
2674,540088
2675,540088
2676,540088
2677,540088
2678,540088
2679,540088
2680,540088
2681,540088
2682,540088
2683,540088
2684,540088
2685,540088
2686,540088
2687,540088
2688,540088
2689,540088
2690,540088
2691,540088
2692,540088
2693,540088
2694,540088
2695,540088
2696,540088
2697,540088
2698,540088
2699,540088
2700,540088
2701,540088
2702,540088
2703,540088
2704,540088
2705,540088
2706,540088
2707,540088
2708,540088
2709,540088
2710,540088
2711,540088
2712,540088
2713,540088
2714,540088
2715,540088
2716,540088
2717,540088
2718,540088
2719,540088
2720,540088
2721,540088
2722,540088
2723,540088
2724,540088
2725,540088
2726,540088
2727,540088
2728,540088
2729,540088
2730,540088
2731,540088
2732,540088
2733,540088
2734,540088
2735,540088
2736,540088
2737,540088
2738,540088
2739,540088
2740,540088
2741,540088
2742,540088
2743,540088
2744,540088
2745,540088
2746,540088
2747,540088
2748,540088
2749,540088
2750,540088
2751,540088
2752,540088
2753,540088
2754,540088
2755,540088
2756,540088
2757,540088
2758,540088
2759,540088
2760,540088
2761,540088
2762,540088
2763,540088
2764,540088
2765,540088
2766,540088
2767,540088
2768,540088
2769,540088
2770,540088
2771,540088
2772,540088
2773,540088
2774,540088
2775,540088
2776,540088
2777,540088
2778,540088
2779,540088
2780,540088
2781,540088
2782,540088
2783,540088
2784,540088
2785,540088
2786,540088
2787,540088
2788,540088
2789,540088
2790,540088
2791,540088
2792,540088
2793,540088
2794,540088
2795,540088
2796,540088
2797,540088
2798,540088
2799,540088
2800,540088
2801,540088
2802,540088
2803,540088
2804,540088
2805,540088
2806,540088
2807,540088
2808,540088
2809,540088
2810,540088
2811,540088
2812,540088
2813,540088
2814,540088
2815,540088
2816,540088
2817,540088
2818,540088
2819,540088
2820,540088
2821,540088
2822,540088
2823,540088
2824,540088
2825,540088
2826,540088
2827,540088
2828,540088
2829,540088
2830,540088
2831,540088
2832,540088
2833,540088
2834,540088
2835,540088
2836,540088
2837,540088
2838,540088
2839,540088
2840,540088
2841,540088
2842,540088
2843,540088
2844,540088
2845,540088
2846,540088
2847,540088
2848,540088
2849,540088
2850,540088
2851,540088
2852,540088
2853,540088
2854,540088
2855,540088
2856,540088
2857,540088
2858,540088
2859,540088
2860,540088
2861,540088
2862,540088
2863,540088
2864,540088
2865,540088
2866,540088
2867,540088
2868,540088
2869,540088
2870,540088
2871,540088
2872,540088
2873,540088
2874,540088
2875,540088
2876,540088
2877,540088
2878,540088
2879,540088
2880,540088
2881,540088
2882,540088
2883,540088
2884,540088
2885,540088
2886,540088
2887,540088
2888,540088
2889,540088
2890,540088
2891,540088
2892,540088
2893,540088
2894,540088
2895,540088
2896,540088
2897,540088
2898,540088
2899,540088
2900,540088
2901,540088
2902,540088
2903,540088
2904,540088
2905,540088
2906,540088
2907,540088
2908,540088
2909,540088
2910,540088
2911,540088
2912,540088
2913,540088
2914,540088
2915,540088
2916,540088
2917,540088
2918,540088
2919,540088
2920,540088
2921,540088
2922,540088
2923,540088
2924,540088
2925,540088
2926,540088
2927,540088
2928,540088
2929,540088
2930,540088
2931,540088
2932,540088
2933,540088
2934,540088
2935,540088
2936,540088
2937,540088
2938,540088
2939,540088
2940,540088
2941,540088
2942,540088
2943,540088
2944,540088
2945,540088
2946,540088
2947,540088
2948,540088
2949,540088
2950,540088
2951,540088
2952,540088
2953,540088
2954,540088
2955,540088
2956,540088
2957,540088
2958,540088
2959,540088
2960,540088
2961,540088
2962,540088
2963,540088
2964,540088
2965,540088
2966,540088
2967,540088
2968,540088
2969,540088
2970,540088
2971,540088
2972,540088
2973,540088
2974,540088
2975,540088
2976,540088
2977,540088
2978,540088
2979,540088
2980,540088
2981,540088
2982,540088
2983,540088
2984,540088
2985,540088
2986,540088
2987,540088
2988,540088
2989,540088
2990,540088
2991,540088
2992,540088
2993,540088
2994,540088
2995,540088
2996,540088
2997,540088
2998,540088
2999,540088
3000,540088
3001,540088
3002,540088
3003,540088
3004,540088
3005,540088
3006,540088
3007,540088
3008,540088
3009,540088
3010,540088
3011,540088
3012,540088
3013,540088
3014,540088
3015,540088
3016,540088
3017,540088
3018,540088
3019,540088
3020,540088
3021,540088
3022,540088
3023,540088
3024,540088
3025,540088
3026,540088
3027,540088
3028,540088
3029,540088
3030,540088
3031,540088
3032,540088
3033,540088
3034,540088
3035,540088
3036,540088
3037,540088
3038,540088
3039,540088
3040,540088
3041,540088
3042,540088
3043,540088
3044,540088
3045,540088
3046,540088
3047,540088
3048,540088
3049,540088
3050,540088
3051,540088
3052,540088
3053,540088
3054,540088
3055,540088
3056,540088
3057,540088
3058,540088
3059,540088
3060,540088
3061,540088
3062,540088
3063,540088
3064,540088
3065,540088
3066,540088
3067,540088
3068,540088
3069,540088
3070,540088
3071,540088
3072,540088
3073,540088
3074,540088
3075,540088
3076,540088
3077,540088
3078,540088
3079,540088
3080,540088
3081,540088
3082,540088
3083,540088
3084,540088
3085,540088
3086,540088
3087,540088
3088,540088
3089,540088
3090,540088
3091,540088
3092,540088
3093,540088
3094,540088
3095,540088
3096,540088
3097,540088
3098,540088
3099,540088
3100,540088
3101,540088
3102,540088
3103,540088
3104,540088
3105,540088
3106,540088
3107,540088
3108,540088
3109,540088
3110,540088
3111,540088
3112,540088
3113,540088
3114,540088
3115,540088
3116,540088
3117,540088
3118,540088
3119,540088
3120,540088
3121,540088
3122,540088
3123,540088
3124,540088
3125,540088
3126,540088
3127,540088
3128,540088
3129,540088
3130,540088
3131,540088
3132,540088
3133,540088
3134,540088
3135,540088
3136,540088
3137,540088
3138,540088
3139,540088
3140,540088
3141,540088
3142,540088
3143,540088
3144,540088
3145,540088
3146,540088
3147,540088
3148,540088
3149,540088
3150,540088
3151,540088
3152,540088
3153,540088
3154,540088
3155,540088
3156,540088
3157,540088
3158,540088
3159,540088
3160,540088
3161,540088
3162,540088
3163,540088
3164,540088
3165,540088
3166,540088
3167,540088
3168,540088
3169,540088
3170,540088
3171,540088
3172,540088
3173,540088
3174,540088
3175,540088
3176,540088
3177,540088
3178,540088
3179,540088
3180,540088
3181,540088
3182,540088
3183,540088
3184,540088
3185,540088
3186,540088
3187,540088
3188,540088
3189,540088
3190,540088
3191,540088
3192,540088
3193,540088
3194,540088
3195,540088
3196,540088
3197,540088
3198,540088
3199,540088
3200,540088
3201,540088
3202,540088
3203,540088
3204,540088
3205,540088
3206,540088
3207,540088
3208,540088
3209,540088
3210,540088
3211,540088
3212,540088
3213,540088
3214,540088
3215,540088
3216,540088
3217,540088
3218,540088
3219,540088
3220,540088
3221,540088
3222,540088
3223,540088
3224,540088
3225,540088
3226,540088
3227,540088
3228,540088
3229,540088
3230,540088
3231,540088
3232,540088
3233,540088
3234,540088
3235,540088
3236,540088
3237,540088
3238,540088
3239,540088
3240,540088
3241,540088
3242,540088
3243,540088
3244,540088
3245,540088
3246,540088
3247,540088
3248,540088
3249,540088
3250,540088
3251,540088
3252,540088
3253,540088
3254,540088
3255,540088
3256,540088
3257,540088
3258,540088
3259,540088
3260,540088
3261,540088
3262,540088
3263,540088
3264,540088
3265,540088
3266,540088
3267,540088
3268,540088
3269,540088
3270,540088
3271,540088
3272,540088
3273,540088
3274,540088
3275,540088
3276,540088
3277,540088
3278,540088
3279,540088
3280,540088
3281,540088
3282,540088
3283,540088
3284,540088
3285,540088
3286,540088
3287,540088
3288,540088
3289,540088
3290,540088
3291,540088
3292,540088
3293,540088
3294,540088
3295,540088
3296,540088
3297,540088
3298,540088
3299,540088
3300,540088
3301,540088
3302,540088
3303,540088
3304,540088
3305,540088
3306,540088
3307,540088
3308,540088
3309,540088
3310,540088
3311,540088
3312,540088
3313,540088
3314,540088
3315,540088
3316,540088
3317,540088
3318,540088
3319,540088
3320,540088
3321,540088
3322,540088
3323,540088
3324,540088
3325,540088
3326,540088
3327,540088
3328,540088
3329,540088
3330,540088
3331,540088
3332,540088
3333,540088
3334,540088
3335,540088
3336,540088
3337,540088
3338,540088
3339,540088
3340,540088
3341,540088
3342,540088
3343,540088
3344,540088
3345,540088
3346,540088
3347,540088
3348,540088
3349,540088
3350,540088
3351,540088
3352,540088
3353,540088
3354,540088
3355,540088
3356,540088
3357,540088
3358,540088
3359,540088
3360,540088
3361,540088
3362,540088
3363,540088
3364,540088
3365,540088
3366,540088
3367,540088
3368,540088
3369,540088
3370,540088
3371,540088
3372,540088
3373,540088
3374,540088
3375,540088
3376,540088
3377,540088
3378,540088
3379,540088
3380,540088
3381,540088
3382,540088
3383,540088
3384,540088
3385,540088
3386,540088
3387,540088
3388,540088
3389,540088
3390,540088
3391,540088
3392,540088
3393,540088
3394,540088
3395,540088
3396,540088
3397,540088
3398,540088
3399,540088
3400,540088
3401,540088
3402,540088
3403,540088
3404,540088
3405,540088
3406,540088
3407,540088
3408,540088
3409,540088
3410,540088
3411,540088
3412,540088
3413,540088
3414,540088
3415,540088
3416,540088
3417,540088
3418,540088
3419,540088
3420,540088
3421,540088
3422,540088
3423,540088
3424,540088
3425,540088
3426,540088
3427,540088
3428,540088
3429,540088
3430,540088
3431,540088
3432,540088
3433,540088
3434,540088
3435,540088
3436,540088
3437,540088
3438,540088
3439,540088
3440,540088
3441,540088
3442,540088
3443,540088
3444,540088
3445,540088
3446,540088
3447,540088
3448,540088
3449,540088
3450,540088
3451,540088
3452,540088
3453,540088
3454,540088
3455,540088
3456,540088
3457,540088
3458,540088
3459,540088
3460,540088
3461,540088
3462,540088
3463,540088
3464,540088
3465,540088
3466,540088
3467,540088
3468,540088
3469,540088
3470,540088
3471,540088
3472,540088
3473,540088
3474,540088
3475,540088
3476,540088
3477,540088
3478,540088
3479,540088
3480,540088
3481,540088
3482,540088
3483,540088
3484,540088
3485,540088
3486,540088
3487,540088
3488,540088
3489,540088
3490,540088
3491,540088
3492,540088
3493,540088
3494,540088
3495,540088
3496,540088
3497,540088
3498,540088
3499,540088
3500,540088
3501,540088
3502,540088
3503,540088
3504,540088
3505,540088
3506,540088
3507,540088
3508,540088
3509,540088
3510,540088
3511,540088
3512,540088
3513,540088
3514,540088
3515,540088
3516,540088
3517,540088
3518,540088
3519,540088
3520,540088
3521,540088
3522,540088
3523,540088
3524,540088
3525,540088
3526,540088
3527,540088
3528,540088
3529,540088
3530,540088
3531,540088
3532,540088
3533,540088
3534,540088
3535,540088
3536,540088
3537,540088
3538,540088
3539,540088
3540,540088
3541,540088
3542,540088
3543,540088
3544,540088
3545,540088
3546,540088
3547,540088
3548,540088
3549,540088
3550,540088
3551,540088
3552,540088
3553,540088
3554,540088
3555,540088
3556,540088
3557,540088
3558,540088
3559,540088
3560,540088
3561,540088
3562,540088
3563,540088
3564,540088
3565,540088
3566,540088
3567,540088
3568,540088
3569,540088
3570,540088
3571,540088
3572,540088
3573,540088
3574,540088
3575,540088
3576,540088
3577,540088
3578,540088
3579,540088
3580,540088
3581,540088
3582,540088
3583,540088
3584,540088
3585,540088
3586,540088
3587,540088
3588,540088
3589,540088
3590,540088
3591,540088
3592,540088
3593,540088
3594,540088
3595,540088
3596,540088
3597,540088
3598,540088
3599,540088
3600,540088
3601,540088
3602,540088
3603,540088
3604,540088
3605,540088
3606,540088
3607,540088
3608,540088
3609,540088
3610,540088
3611,540088
3612,540088
3613,540088
3614,540088
3615,540088
3616,540088
3617,540088
3618,540088
3619,540088
3620,540088
3621,540088
3622,540088
3623,540088
3624,540088
3625,540088
3626,540088
3627,540088
3628,540088
3629,540088
3630,540088
3631,540088
3632,540088
3633,540088
3634,540088
3635,540088
3636,540088
3637,540088
3638,540088
3639,540088
3640,540088
3641,540088
3642,540088
3643,540088
3644,540088
3645,540088
3646,540088
3647,540088
3648,540088
3649,540088
3650,540088
3651,540088
3652,540088
3653,540088
3654,540088
3655,540088
3656,540088
3657,540088
3658,540088
3659,540088
3660,540088
3661,540088
3662,540088
3663,540088
3664,540088
3665,540088
3666,540088
3667,540088
3668,540088
3669,540088
3670,540088
3671,540088
3672,540088
3673,540088
3674,540088
3675,540088
3676,540088
3677,540088
3678,540088
3679,540088
3680,540088
3681,540088
3682,540088
3683,540088
3684,540088
3685,540088
3686,540088
3687,540088
3688,540088
3689,540088
3690,540088
3691,540088
3692,540088
3693,540088
3694,540088
3695,540088
3696,540088
3697,540088
3698,540088
3699,540088
3700,540088
3701,540088
3702,540088
3703,540088
3704,540088
3705,540088
3706,540088
3707,540088
3708,540088
3709,540088
3710,540088
3711,540088
3712,540088
3713,540088
3714,540088
3715,540088
3716,540088
3717,540088
3718,540088
3719,540088
3720,540088
3721,540088
3722,540088
3723,540088
3724,540088
3725,540088
3726,540088
3727,540088
3728,540088
3729,540088
3730,540088
3731,540088
3732,540088
3733,540088
3734,540088
3735,540088
3736,540088
3737,540088
3738,540088
3739,540088
3740,540088
3741,540088
3742,540088
3743,540088
3744,540088
3745,540088
3746,540088
3747,540088
3748,540088
3749,540088
3750,540088
3751,540088
3752,540088
3753,540088
3754,540088
3755,540088
3756,540088
3757,540088
3758,540088
3759,540088
3760,540088
3761,540088
3762,540088
3763,540088
3764,540088
3765,540088
3766,540088
3767,540088
3768,540088
3769,540088
3770,540088
3771,540088
3772,540088
3773,540088
3774,540088
3775,540088
3776,540088
3777,540088
3778,540088
3779,540088
3780,540088
3781,540088
3782,540088
3783,540088
3784,540088
3785,540088
3786,540088
3787,540088
3788,540088
3789,540088
3790,540088
3791,540088
3792,540088
3793,540088
3794,540088
3795,540088
3796,540088
3797,540088
3798,540088
3799,540088
3800,540088
3801,540088
3802,540088
3803,540088
3804,540088
3805,540088
3806,540088
3807,540088
3808,540088
3809,540088
3810,540088
3811,540088
3812,540088
3813,540088
3814,540088
3815,540088
3816,540088
3817,540088
3818,540088
3819,540088
3820,540088
3821,540088
3822,540088
3823,540088
3824,540088
3825,540088
3826,540088
3827,540088
3828,540088
3829,540088
3830,540088
3831,540088
3832,540088
3833,540088
3834,540088
3835,540088
3836,540088
3837,540088
3838,540088
3839,540088
3840,540088
3841,540088
3842,540088
3843,540088
3844,540088
3845,540088
3846,540088
3847,540088
3848,540088
3849,540088
3850,540088
3851,540088
3852,540088
3853,540088
3854,540088
3855,540088
3856,540088
3857,540088
3858,540088
3859,540088
3860,540088
3861,540088
3862,540088
3863,540088
3864,540088
3865,540088
3866,540088
3867,540088
3868,540088
3869,540088
3870,540088
3871,540088
3872,540088
3873,540088
3874,540088
3875,540088
3876,540088
3877,540088
3878,540088
3879,540088
3880,540088
3881,540088
3882,540088
3883,540088
3884,540088
3885,540088
3886,540088
3887,540088
3888,540088
3889,540088
3890,540088
3891,540088
3892,540088
3893,540088
3894,540088
3895,540088
3896,540088
3897,540088
3898,540088
3899,540088
3900,540088
3901,540088
3902,540088
3903,540088
3904,540088
3905,540088
3906,540088
3907,540088
3908,540088
3909,540088
3910,540088
3911,540088
3912,540088
3913,540088
3914,540088
3915,540088
3916,540088
3917,540088
3918,540088
3919,540088
3920,540088
3921,540088
3922,540088
3923,540088
3924,540088
3925,540088
3926,540088
3927,540088
3928,540088
3929,540088
3930,540088
3931,540088
3932,540088
3933,540088
3934,540088
3935,540088
3936,540088
3937,540088
3938,540088
3939,540088
3940,540088
3941,540088
3942,540088
3943,540088
3944,540088
3945,540088
3946,540088
3947,540088
3948,540088
3949,540088
3950,540088
3951,540088
3952,540088
3953,540088
3954,540088
3955,540088
3956,540088
3957,540088
3958,540088
3959,540088
3960,540088
3961,540088
3962,540088
3963,540088
3964,540088
3965,540088
3966,540088
3967,540088
3968,540088
3969,540088
3970,540088
3971,540088
3972,540088
3973,540088
3974,540088
3975,540088
3976,540088
3977,540088
3978,540088
3979,540088
3980,540088
3981,540088
3982,540088
3983,540088
3984,540088
3985,540088
3986,540088
3987,540088
3988,540088
3989,540088
3990,540088
3991,540088
3992,540088
3993,540088
3994,540088
3995,540088
3996,540088
3997,540088
3998,540088
3999,540088
4000,540088
4001,540088
4002,540088
4003,540088
4004,540088
4005,540088
4006,540088
4007,540088
4008,540088
4009,540088
4010,540088
4011,540088
4012,540088
4013,540088
4014,540088
4015,540088
4016,540088
4017,540088
4018,540088
4019,540088
4020,540088
4021,540088
4022,540088
4023,540088
4024,540088
4025,540088
4026,540088
4027,540088
4028,540088
4029,540088
4030,540088
4031,540088
4032,540088
4033,540088
4034,540088
4035,540088
4036,540088
4037,540088
4038,540088
4039,540088
4040,540088
4041,540088
4042,540088
4043,540088
4044,540088
4045,540088
4046,540088
4047,540088
4048,540088
4049,540088
4050,540088
4051,540088
4052,540088
4053,540088
4054,540088
4055,540088
4056,540088
4057,540088
4058,540088
4059,540088
4060,540088
4061,540088
4062,540088
4063,540088
4064,540088
4065,540088
4066,540088
4067,540088
4068,540088
4069,540088
4070,540088
4071,540088
4072,540088
4073,540088
4074,540088
4075,540088
4076,540088
4077,540088
4078,540088
4079,540088
4080,540088
4081,540088
4082,540088
4083,540088
4084,540088
4085,540088
4086,540088
4087,540088
4088,540088
4089,540088
4090,540088
4091,540088
4092,540088
4093,540088
4094,540088
4095,540088
4096,540088
4097,540088
4098,540088
4099,540088
4100,540088
4101,540088
4102,540088
4103,540088
4104,540088
4105,540088
4106,540088
4107,540088
4108,540088
4109,540088
4110,540088
4111,540088
4112,540088
4113,540088
4114,540088
4115,540088
4116,540088
4117,540088
4118,540088
4119,540088
4120,540088
4121,540088
4122,540088
4123,540088
4124,540088
4125,540088
4126,540088
4127,540088
4128,540088
4129,540088
4130,540088
4131,540088
4132,540088
4133,540088
4134,540088
4135,540088
4136,540088
4137,540088
4138,540088
4139,540088
4140,540088
4141,540088
4142,540088
4143,540088
4144,540088
4145,540088
4146,540088
4147,540088
4148,540088
4149,540088
4150,540088
4151,540088
4152,540088
4153,540088
4154,540088
4155,540088
4156,540088
4157,540088
4158,540088
4159,540088
4160,540088
4161,540088
4162,540088
4163,540088
4164,540088
4165,540088
4166,540088
4167,540088
4168,540088
4169,540088
4170,540088
4171,540088
4172,540088
4173,540088
4174,540088
4175,540088
4176,540088
4177,540088
4178,540088
4179,540088
4180,540088
4181,540088
4182,540088
4183,540088
4184,540088
4185,540088
4186,540088
4187,540088
4188,540088
4189,540088
4190,540088
4191,540088
4192,540088
4193,540088
4194,540088
4195,540088
4196,540088
4197,540088
4198,540088
4199,540088
4200,540088
4201,540088
4202,540088
4203,540088
4204,540088
4205,540088
4206,540088
4207,540088
4208,540088
4209,540088
4210,540088
4211,540088
4212,540088
4213,540088
4214,540088
4215,540088
4216,540088
4217,540088
4218,540088
4219,540088
4220,540088
4221,540088
4222,540088
4223,540088
4224,540088
4225,540088
4226,540088
4227,540088
4228,540088
4229,540088
4230,540088
4231,540088
4232,540088
4233,540088
4234,540088
4235,540088
4236,540088
4237,540088
4238,540088
4239,540088
4240,540088
4241,540088
4242,540088
4243,540088
4244,540088
4245,540088
4246,540088
4247,540088
4248,540088
4249,540088
4250,540088
4251,540088
4252,540088
4253,540088
4254,540088
4255,540088
4256,540088
4257,540088
4258,540088
4259,540088
4260,540088
4261,540088
4262,540088
4263,540088
4264,540088
4265,540088
4266,540088
4267,540088
4268,540088
4269,540088
4270,540088
4271,540088
4272,540088
4273,540088
4274,540088
4275,540088
4276,540088
4277,540088
4278,540088
4279,540088
4280,540088
4281,540088
4282,540088
4283,540088
4284,540088
4285,540088
4286,540088
4287,540088
4288,540088
4289,540088
4290,540088
4291,540088
4292,540088
4293,540088
4294,540088
4295,540088
4296,540088
4297,540088
4298,540088
4299,540088
4300,540088
4301,540088
4302,540088
4303,540088
4304,540088
4305,540088
4306,540088
4307,540088
4308,540088
4309,540088
4310,540088
4311,540088
4312,540088
4313,540088
4314,540088
4315,540088
4316,540088
4317,540088
4318,540088
4319,540088
4320,540088
4321,540088
4322,540088
4323,540088
4324,540088
4325,540088
4326,540088
4327,540088
4328,540088
4329,540088
4330,540088
4331,540088
4332,540088
4333,540088
4334,540088
4335,540088
4336,540088
4337,540088
4338,540088
4339,540088
4340,540088
4341,540088
4342,540088
4343,540088
4344,540088
4345,540088
4346,540088
4347,540088
4348,540088
4349,540088
4350,540088
4351,540088
4352,540088
4353,540088
4354,540088
4355,540088
4356,540088
4357,540088
4358,540088
4359,540088
4360,540088
4361,540088
4362,540088
4363,540088
4364,540088
4365,540088
4366,540088
4367,540088
4368,540088
4369,540088
4370,540088
4371,540088
4372,540088
4373,540088
4374,540088
4375,540088
4376,540088
4377,540088
4378,540088
4379,540088
4380,540088
4381,540088
4382,540088
4383,540088
4384,540088
4385,540088
4386,540088
4387,540088
4388,540088
4389,540088
4390,540088
4391,540088
4392,540088
4393,540088
4394,540088
4395,540088
4396,540088
4397,540088
4398,540088
4399,540088
4400,540088
4401,540088
4402,540088
4403,540088
4404,540088
4405,540088
4406,540088
4407,540088
4408,540088
4409,540088
4410,540088
4411,540088
4412,540088
4413,540088
4414,540088
4415,540088
4416,540088
4417,540088
4418,540088
4419,540088
4420,540088
4421,540088
4422,540088
4423,540088
4424,540088
4425,540088
4426,540088
4427,540088
4428,540088
4429,540088
4430,540088
4431,540088
4432,540088
4433,540088
4434,540088
4435,540088
4436,540088
4437,540088
4438,540088
4439,540088
4440,540088
4441,540088
4442,540088
4443,540088
4444,540088
4445,540088
4446,540088
4447,540088
4448,540088
4449,540088
4450,540088
4451,540088
4452,540088
4453,540088
4454,540088
4455,540088
4456,540088
4457,540088
4458,540088
4459,540088
4460,540088
4461,540088
4462,540088
4463,540088
4464,540088
4465,540088
4466,540088
4467,540088
4468,540088
4469,540088
4470,540088
4471,540088
4472,540088
4473,540088
4474,540088
4475,540088
4476,540088
4477,540088
4478,540088
4479,540088
4480,540088
4481,540088
4482,540088
4483,540088
4484,540088
4485,540088
4486,540088
4487,540088
4488,540088
4489,540088
4490,540088
4491,540088
4492,540088
4493,540088
4494,540088
4495,540088
4496,540088
4497,540088
4498,540088
4499,540088
4500,540088
4501,540088
4502,540088
4503,540088
4504,540088
4505,540088
4506,540088
4507,540088
4508,540088
4509,540088
4510,540088
4511,540088
4512,540088
4513,540088
4514,540088
4515,540088
4516,540088
4517,540088
4518,540088
4519,540088
4520,540088
4521,540088
4522,540088
4523,540088
4524,540088
4525,540088
4526,540088
4527,540088
4528,540088
4529,540088
4530,540088
4531,540088
4532,540088
4533,540088
4534,540088
4535,540088
4536,540088
4537,540088
4538,540088
4539,540088
4540,540088
4541,540088
4542,540088
4543,540088
4544,540088
4545,540088
4546,540088
4547,540088
4548,540088
4549,540088
4550,540088
4551,540088
4552,540088
4553,540088
4554,540088
4555,540088
4556,540088
4557,540088
4558,540088
4559,540088
4560,540088
4561,540088
4562,540088
4563,540088
4564,540088
4565,540088
4566,540088
4567,540088
4568,540088
4569,540088
4570,540088
4571,540088
4572,540088
4573,540088
4574,540088
4575,540088
4576,540088
4577,540088
4578,540088
4579,540088
4580,540088
4581,540088
4582,540088
4583,540088
4584,540088
4585,540088
4586,540088
4587,540088
4588,540088
4589,540088
4590,540088
4591,540088
4592,540088
4593,540088
4594,540088
4595,540088
4596,540088
4597,540088
4598,540088
4599,540088
4600,540088
4601,540088
4602,540088
4603,540088
4604,540088
4605,540088
4606,540088
4607,540088
4608,540088
4609,540088
4610,540088
4611,540088
4612,540088
4613,540088
4614,540088
4615,540088
4616,540088
4617,540088
4618,540088
4619,540088
4620,540088
4621,540088
4622,540088
4623,540088
4624,540088
4625,540088
4626,540088
4627,540088
4628,540088
4629,540088
4630,540088
4631,540088
4632,540088
4633,540088
4634,540088
4635,540088
4636,540088
4637,540088
4638,540088
4639,540088
4640,540088
4641,540088
4642,540088
4643,540088
4644,540088
4645,540088
4646,540088
4647,540088
4648,540088
4649,540088
4650,540088
4651,540088
4652,540088
4653,540088
4654,540088
4655,540088
4656,540088
4657,540088
4658,540088
4659,540088
4660,540088
4661,540088
4662,540088
4663,540088
4664,540088
4665,540088
4666,540088
4667,540088
4668,540088
4669,540088
4670,540088
4671,540088
4672,540088
4673,540088
4674,540088
4675,540088
4676,540088
4677,540088
4678,540088
4679,540088
4680,540088
4681,540088
4682,540088
4683,540088
4684,540088
4685,540088
4686,540088
4687,540088
4688,540088
4689,540088
4690,540088
4691,540088
4692,540088
4693,540088
4694,540088
4695,540088
4696,540088
4697,540088
4698,540088
4699,540088
4700,540088
4701,540088
4702,540088
4703,540088
4704,540088
4705,540088
4706,540088
4707,540088
4708,540088
4709,540088
4710,540088
4711,540088
4712,540088
4713,540088
4714,540088
4715,540088
4716,540088
4717,540088
4718,540088
4719,540088
4720,540088
4721,540088
4722,540088
4723,540088
4724,540088
4725,540088
4726,540088
4727,540088
4728,540088
4729,540088
4730,540088
4731,540088
4732,540088
4733,540088
4734,540088
4735,540088
4736,540088
4737,540088
4738,540088
4739,540088
4740,540088
4741,540088
4742,540088
4743,540088
4744,540088
4745,540088
4746,540088
4747,540088
4748,540088
4749,540088
4750,540088
4751,540088
4752,540088
4753,540088
4754,540088
4755,540088
4756,540088
4757,540088
4758,540088
4759,540088
4760,540088
4761,540088
4762,540088
4763,540088
4764,540088
4765,540088
4766,540088
4767,540088
4768,540088
4769,540088
4770,540088
4771,540088
4772,540088
4773,540088
4774,540088
4775,540088
4776,540088
4777,540088
4778,540088
4779,540088
4780,540088
4781,540088
4782,540088
4783,540088
4784,540088
4785,540088
4786,540088
4787,540088
4788,540088
4789,540088
4790,540088
4791,540088
4792,540088
4793,540088
4794,540088
4795,540088
4796,540088
4797,540088
4798,540088
4799,540088
4800,540088
4801,540088
4802,540088
4803,540088
4804,540088
4805,540088
4806,540088
4807,540088
4808,540088
4809,540088
4810,540088
4811,540088
4812,540088
4813,540088
4814,540088
4815,540088
4816,540088
4817,540088
4818,540088
4819,540088
4820,540088
4821,540088
4822,540088
4823,540088
4824,540088
4825,540088
4826,540088
4827,540088
4828,540088
4829,540088
4830,540088
4831,540088
4832,540088
4833,540088
4834,540088
4835,540088
4836,540088
4837,540088
4838,540088
4839,540088
4840,540088
4841,540088
4842,540088
4843,540088
4844,540088
4845,540088
4846,540088
4847,540088
4848,540088
4849,540088
4850,540088
4851,540088
4852,540088
4853,540088
4854,540088
4855,540088
4856,540088
4857,540088
4858,540088
4859,540088
4860,540088
4861,540088
4862,540088
4863,540088
4864,540088
4865,540088
4866,540088
4867,540088
4868,540088
4869,540088
4870,540088
4871,540088
4872,540088
4873,540088
4874,540088
4875,540088
4876,540088
4877,540088
4878,540088
4879,540088
4880,540088
4881,540088
4882,540088
4883,540088
4884,540088
4885,540088
4886,540088
4887,540088
4888,540088
4889,540088
4890,540088
4891,540088
4892,540088
4893,540088
4894,540088
4895,540088
4896,540088
4897,540088
4898,540088
4899,540088
4900,540088
4901,540088
4902,540088
4903,540088
4904,540088
4905,540088
4906,540088
4907,540088
4908,540088
4909,540088
4910,540088
4911,540088
4912,540088
4913,540088
4914,540088
4915,540088
4916,540088
4917,540088
4918,540088
4919,540088
4920,540088
4921,540088
4922,540088
4923,540088
4924,540088
4925,540088
4926,540088
4927,540088
4928,540088
4929,540088
4930,540088
4931,540088
4932,540088
4933,540088
4934,540088
4935,540088
4936,540088
4937,540088
4938,540088
4939,540088
4940,540088
4941,540088
4942,540088
4943,540088
4944,540088
4945,540088
4946,540088
4947,540088
4948,540088
4949,540088
4950,540088
4951,540088
4952,540088
4953,540088
4954,540088
4955,540088
4956,540088
4957,540088
4958,540088
4959,540088
4960,540088
4961,540088
4962,540088
4963,540088
4964,540088
4965,540088
4966,540088
4967,540088
4968,540088
4969,540088
4970,540088
4971,540088
4972,540088
4973,540088
4974,540088
4975,540088
4976,540088
4977,540088
4978,540088
4979,540088
4980,540088
4981,540088
4982,540088
4983,540088
4984,540088
4985,540088
4986,540088
4987,540088
4988,540088
4989,540088
4990,540088
4991,540088
4992,540088
4993,540088
4994,540088
4995,540088
4996,540088
4997,540088
4998,540088
4999,540088
5000,540088
5001,540088
5002,540088
5003,540088
5004,540088
5005,540088
5006,540088
5007,540088
5008,540088
5009,540088
5010,540088
5011,540088
5012,540088
5013,540088
5014,540088
5015,540088
5016,540088
5017,540088
5018,540088
5019,540088
5020,540088
5021,540088
5022,540088
5023,540088
5024,540088
5025,540088
5026,540088
5027,540088
5028,540088
5029,540088
5030,540088
5031,540088
5032,540088
5033,540088
5034,540088
5035,540088
5036,540088
5037,540088
5038,540088
5039,540088
5040,540088
5041,540088
5042,540088
5043,540088
5044,540088
5045,540088
5046,540088
5047,540088
5048,540088
5049,540088
5050,540088
5051,540088
5052,540088
5053,540088
5054,540088
5055,540088
5056,540088
5057,540088
5058,540088
5059,540088
5060,540088
5061,540088
5062,540088
5063,540088
5064,540088
5065,540088
5066,540088
5067,540088
5068,540088
5069,540088
5070,540088
5071,540088
5072,540088
5073,540088
5074,540088
5075,540088
5076,540088
5077,540088
5078,540088
5079,540088
5080,540088
5081,540088
5082,540088
5083,540088
5084,540088
5085,540088
5086,540088
5087,540088
5088,540088
5089,540088
5090,540088
5091,540088
5092,540088
5093,540088
5094,540088
5095,540088
5096,540088
5097,540088
5098,540088
5099,540088
5100,540088
5101,540088
5102,540088
5103,540088
5104,540088
5105,540088
5106,540088
5107,540088
5108,540088
5109,540088
5110,540088
5111,540088
5112,540088
5113,540088
5114,540088
5115,540088
5116,540088
5117,540088
5118,540088
5119,540088
5120,540088
5121,540088
5122,540088
5123,540088
5124,540088
5125,540088
5126,540088
5127,540088
5128,540088
5129,540088
5130,540088
5131,540088
5132,540088
5133,540088
5134,540088
5135,540088
5136,540088
5137,540088
5138,540088
5139,540088
5140,540088
5141,540088
5142,540088
5143,540088
5144,540088
5145,540088
5146,540088
5147,540088
5148,540088
5149,540088
5150,540088
5151,540088
5152,540088
5153,540088
5154,540088
5155,540088
5156,540088
5157,540088
5158,540088
5159,540088
5160,540088
5161,540088
5162,540088
5163,540088
5164,540088
5165,540088
5166,540088
5167,540088
5168,540088
5169,540088
5170,540088
5171,540088
5172,540088
5173,540088
5174,540088
5175,540088
5176,540088
5177,540088
5178,540088
5179,540088
5180,540088
5181,540088
5182,540088
5183,540088
5184,540088
5185,540088
5186,540088
5187,540088
5188,540088
5189,540088
5190,540088
5191,540088
5192,540088
5193,540088
5194,540088
5195,540088
5196,540088
5197,540088
5198,540088
5199,540088
5200,540088
5201,540088
5202,540088
5203,540088
5204,540088
5205,540088
5206,540088
5207,540088
5208,540088
5209,540088
5210,540088
5211,540088
5212,540088
5213,540088
5214,540088
5215,540088
5216,540088
5217,540088
5218,540088
5219,540088
5220,540088
5221,540088
5222,540088
5223,540088
5224,540088
5225,540088
5226,540088
5227,540088
5228,540088
5229,540088
5230,540088
5231,540088
5232,540088
5233,540088
5234,540088
5235,540088
5236,540088
5237,540088
5238,540088
5239,540088
5240,540088
5241,540088
5242,540088
5243,540088
5244,540088
5245,540088
5246,540088
5247,540088
5248,540088
5249,540088
5250,540088
5251,540088
5252,540088
5253,540088
5254,540088
5255,540088
5256,540088
5257,540088
5258,540088
5259,540088
5260,540088
5261,540088
5262,540088
5263,540088
5264,540088
5265,540088
5266,540088
5267,540088
5268,540088
5269,540088
5270,540088
5271,540088
5272,540088
5273,540088
5274,540088
5275,540088
5276,540088
5277,540088
5278,540088
5279,540088
5280,540088
5281,540088
5282,540088
5283,540088
5284,540088
5285,540088
5286,540088
5287,540088
5288,540088
5289,540088
5290,540088
5291,540088
5292,540088
5293,540088
5294,540088
5295,540088
5296,540088
5297,540088
5298,540088
5299,540088
5300,540088
5301,540088
5302,540088
5303,540088
5304,540088
5305,540088
5306,540088
5307,540088
5308,540088
5309,540088
5310,540088
5311,540088
5312,540088
5313,540088
5314,540088
5315,540088
5316,540088
5317,540088
5318,540088
5319,540088
5320,540088
5321,540088
5322,540088
5323,540088
5324,540088
5325,540088
5326,540088
5327,540088
5328,540088
5329,540088
5330,540088
5331,540088
5332,540088
5333,540088
5334,540088
5335,540088
5336,540088
5337,540088
5338,540088
5339,540088
5340,540088
5341,540088
5342,540088
5343,540088
5344,540088
5345,540088
5346,540088
5347,540088
5348,540088
5349,540088
5350,540088
5351,540088
5352,540088
5353,540088
5354,540088
5355,540088
5356,540088
5357,540088
5358,540088
5359,540088
5360,540088
5361,540088
5362,540088
5363,540088
5364,540088
5365,540088
5366,540088
5367,540088
5368,540088
5369,540088
5370,540088
5371,540088
5372,540088
5373,540088
5374,540088
5375,540088
5376,540088
5377,540088
5378,540088
5379,540088
5380,540088
5381,540088
5382,540088
5383,540088
5384,540088
5385,540088
5386,540088
5387,540088
5388,540088
5389,540088
5390,540088
5391,540088
5392,540088
5393,540088
5394,540088
5395,540088
5396,540088
5397,540088
5398,540088
5399,540088
5400,540088
5401,540088
5402,540088
5403,540088
5404,540088
5405,540088
5406,540088
5407,540088
5408,540088
5409,540088
5410,540088
5411,540088
5412,540088
5413,540088
5414,540088
5415,540088
5416,540088
5417,540088
5418,540088
5419,540088
5420,540088
5421,540088
5422,540088
5423,540088
5424,540088
5425,540088
5426,540088
5427,540088
5428,540088
5429,540088
5430,540088
5431,540088
5432,540088
5433,540088
5434,540088
5435,540088
5436,540088
5437,540088
5438,540088
5439,540088
5440,540088
5441,540088
5442,540088
5443,540088
5444,540088
5445,540088
5446,540088
5447,540088
5448,540088
5449,540088
5450,540088
5451,540088
5452,540088
5453,540088
5454,540088
5455,540088
5456,540088
5457,540088
5458,540088
5459,540088
5460,540088
5461,540088
5462,540088
5463,540088
5464,540088
5465,540088
5466,540088
5467,540088
5468,540088
5469,540088
5470,540088
5471,540088
5472,540088
5473,540088
5474,540088
5475,540088
5476,540088
5477,540088
5478,540088
5479,540088
5480,540088
5481,540088
5482,540088
5483,540088
5484,540088
5485,540088
5486,540088
5487,540088
5488,540088
5489,540088
5490,540088
5491,540088
5492,540088
5493,540088
5494,540088
5495,540088
5496,540088
5497,540088
5498,540088
5499,540088
5500,540088
5501,540088
5502,540088
5503,540088
5504,540088
5505,540088
5506,540088
5507,540088
5508,540088
5509,540088
5510,540088
5511,540088
5512,540088
5513,540088
5514,540088
5515,540088
5516,540088
5517,540088
5518,540088
5519,540088
5520,540088
5521,540088
5522,540088
5523,540088
5524,540088
5525,540088
5526,540088
5527,540088
5528,540088
5529,540088
5530,540088
5531,540088
5532,540088
5533,540088
5534,540088
5535,540088
5536,540088
5537,540088
5538,540088
5539,540088
5540,540088
5541,540088
5542,540088
5543,540088
5544,540088
5545,540088
5546,540088
5547,540088
5548,540088
5549,540088
5550,540088
5551,540088
5552,540088
5553,540088
5554,540088
5555,540088
5556,540088
5557,540088
5558,540088
5559,540088
5560,540088
5561,540088
5562,540088
5563,540088
5564,540088
5565,540088
5566,540088
5567,540088
5568,540088
5569,540088
5570,540088
5571,540088
5572,540088
5573,540088
5574,540088
5575,540088
5576,540088
5577,540088
5578,540088
5579,540088
5580,540088
5581,540088
5582,540088
5583,540088
5584,540088
5585,540088
5586,540088
5587,540088
5588,540088
5589,540088
5590,540088
5591,540088
5592,540088
5593,540088
5594,540088
5595,540088
5596,540088
5597,540088
5598,540088
5599,540088
5600,540088
5601,540088
5602,540088
5603,540088
5604,540088
5605,540088
5606,540088
5607,540088
5608,540088
5609,540088
5610,540088
5611,540088
5612,540088
5613,540088
5614,540088
5615,540088
5616,540088
5617,540088
5618,540088
5619,540088
5620,540088
5621,540088
5622,540088
5623,540088
5624,540088
5625,540088
5626,540088
5627,540088
5628,540088
5629,540088
5630,540088
5631,540088
5632,540088
5633,540088
5634,540088
5635,540088
5636,540088
5637,540088
5638,540088
5639,540088
5640,540088
5641,540088
5642,540088
5643,540088
5644,540088
5645,540088
5646,540088
5647,540088
5648,540088
5649,540088
5650,540088
5651,540088
5652,540088
5653,540088
5654,540088
5655,540088
5656,540088
5657,540088
5658,540088
5659,540088
5660,540088
5661,540088
5662,540088
5663,540088
5664,540088
5665,540088
5666,540088
5667,540088
5668,540088
5669,540088
5670,540088
5671,540088
5672,540088
5673,540088
5674,540088
5675,540088
5676,540088
5677,540088
5678,540088
5679,540088
5680,540088
5681,540088
5682,540088
5683,540088
5684,540088
5685,540088
5686,540088
5687,540088
5688,540088
5689,540088
5690,540088
5691,540088
5692,540088
5693,540088
5694,540088
5695,540088
5696,540088
5697,540088
5698,540088
5699,540088
5700,540088
5701,540088
5702,540088
5703,540088
5704,540088
5705,540088
5706,540088
5707,540088
5708,540088
5709,540088
5710,540088
5711,540088
5712,540088
5713,540088
5714,540088
5715,540088
5716,540088
5717,540088
5718,540088
5719,540088
5720,540088
5721,540088
5722,540088
5723,540088
5724,540088
5725,540088
5726,540088
5727,540088
5728,540088
5729,540088
5730,540088
5731,540088
5732,540088
5733,540088
5734,540088
5735,540088
5736,540088
5737,540088
5738,540088
5739,540088
5740,540088
5741,540088
5742,540088
5743,540088
5744,540088
5745,540088
5746,540088
5747,540088
5748,540088
5749,540088
5750,540088
5751,540088
5752,540088
5753,540088
5754,540088
5755,540088
5756,540088
5757,540088
5758,540088
5759,540088
5760,540088
5761,540088
5762,540088
5763,540088
5764,540088
5765,540088
5766,540088
5767,540088
5768,540088
5769,540088
5770,540088
5771,540088
5772,540088
5773,540088
5774,540088
5775,540088
5776,540088
5777,540088
5778,540088
5779,540088
5780,540088
5781,540088
5782,540088
5783,540088
5784,540088
5785,540088
5786,540088
5787,540088
5788,540088
5789,540088
5790,540088
5791,540088
5792,540088
5793,540088
5794,540088
5795,540088
5796,540088
5797,540088
5798,540088
5799,540088
5800,540088
5801,540088
5802,540088
5803,540088
5804,540088
5805,540088
5806,540088
5807,540088
5808,540088
5809,540088
5810,540088
5811,540088
5812,540088
5813,540088
5814,540088
5815,540088
5816,540088
5817,540088
5818,540088
5819,540088
5820,540088
5821,540088
5822,540088
5823,540088
5824,540088
5825,540088
5826,540088
5827,540088
5828,540088
5829,540088
5830,540088
5831,540088
5832,540088
5833,540088
5834,540088
5835,540088
5836,540088
5837,540088
5838,540088
5839,540088
5840,540088
5841,540088
5842,540088
5843,540088
5844,540088
5845,540088
5846,540088
5847,540088
5848,540088
5849,540088
5850,540088
5851,540088
5852,540088
5853,540088
5854,540088
5855,540088
5856,540088
5857,540088
5858,540088
5859,540088
5860,540088
5861,540088
5862,540088
5863,540088
5864,540088
5865,540088
5866,540088
5867,540088
5868,540088
5869,540088
5870,540088
5871,540088
5872,540088
5873,540088
5874,540088
5875,540088
5876,540088
5877,540088
5878,540088
5879,540088
5880,540088
5881,540088
5882,540088
5883,540088
5884,540088
5885,540088
5886,540088
5887,540088
5888,540088
5889,540088
5890,540088
5891,540088
5892,540088
5893,540088
5894,540088
5895,540088
5896,540088
5897,540088
5898,540088
5899,540088
5900,540088
5901,540088
5902,540088
5903,540088
5904,540088
5905,540088
5906,540088
5907,540088
5908,540088
5909,540088
5910,540088
5911,540088
5912,540088
5913,540088
5914,540088
5915,540088
5916,540088
5917,540088
5918,540088
5919,540088
5920,540088
5921,540088
5922,540088
5923,540088
5924,540088
5925,540088
5926,540088
5927,540088
5928,540088
5929,540088
5930,540088
5931,540088
5932,540088
5933,540088
5934,540088
5935,540088
5936,540088
5937,540088
5938,540088
5939,540088
5940,540088
5941,540088
5942,540088
5943,540088
5944,540088
5945,540088
5946,540088
5947,540088
5948,540088
5949,540088
5950,540088
5951,540088
5952,540088
5953,540088
5954,540088
5955,540088
5956,540088
5957,540088
5958,540088
5959,540088
5960,540088
5961,540088
5962,540088
5963,540088
5964,540088
5965,540088
5966,540088
5967,540088
5968,540088
5969,540088
5970,540088
5971,540088
5972,540088
5973,540088
5974,540088
5975,540088
5976,540088
5977,540088
5978,540088
5979,540088
5980,540088
5981,540088
5982,540088
5983,540088
5984,540088
5985,540088
5986,540088
5987,540088
5988,540088
5989,540088
5990,540088
5991,540088
5992,540088
5993,540088
5994,540088
5995,540088
5996,540088
5997,540088
5998,540088
5999,540088
6000,540088
6001,540088
6002,540088
6003,540088
6004,540088
6005,540088
6006,540088
6007,540088
6008,540088
6009,540088
6010,540088
6011,540088
6012,540088
6013,540088
6014,540088
6015,540088
6016,540088
6017,540088
6018,540088
6019,540088
6020,540088
6021,540088
6022,540088
6023,540088
6024,540088
6025,540088
6026,540088
6027,540088
6028,540088
6029,540088
6030,540088
6031,540088
6032,540088
6033,540088
6034,540088
6035,540088
6036,540088
6037,540088
6038,540088
6039,540088
6040,540088
6041,540088
6042,540088
6043,540088
6044,540088
6045,540088
6046,540088
6047,540088
6048,540088
6049,540088
6050,540088
6051,540088
6052,540088
6053,540088
6054,540088
6055,540088
6056,540088
6057,540088
6058,540088
6059,540088
6060,540088
6061,540088
6062,540088
6063,540088
6064,540088
6065,540088
6066,540088
6067,540088
6068,540088
6069,540088
6070,540088
6071,540088
6072,540088
6073,540088
6074,540088
6075,540088
6076,540088
6077,540088
6078,540088
6079,540088
6080,540088
6081,540088
6082,540088
6083,540088
6084,540088
6085,540088
6086,540088
6087,540088
6088,540088
6089,540088
6090,540088
6091,540088
6092,540088
6093,540088
6094,540088
6095,540088
6096,540088
6097,540088
6098,540088
6099,540088
6100,540088
6101,540088
6102,540088
6103,540088
6104,540088
6105,540088
6106,540088
6107,540088
6108,540088
6109,540088
6110,540088
6111,540088
6112,540088
6113,540088
6114,540088
6115,540088
6116,540088
6117,540088
6118,540088
6119,540088
6120,540088
6121,540088
6122,540088
6123,540088
6124,540088
6125,540088
6126,540088
6127,540088
6128,540088
6129,540088
6130,540088
6131,540088
6132,540088
6133,540088
6134,540088
6135,540088
6136,540088
6137,540088
6138,540088
6139,540088
6140,540088
6141,540088
6142,540088
6143,540088
6144,540088
6145,540088
6146,540088
6147,540088
6148,540088
6149,540088
6150,540088
6151,540088
6152,540088
6153,540088
6154,540088
6155,540088
6156,540088
6157,540088
6158,540088
6159,540088
6160,540088
6161,540088
6162,540088
6163,540088
6164,540088
6165,540088
6166,540088
6167,540088
6168,540088
6169,540088
6170,540088
6171,540088
6172,540088
6173,540088
6174,540088
6175,540088
6176,540088
6177,540088
6178,540088
6179,540088
6180,540088
6181,540088
6182,540088
6183,540088
6184,540088
6185,540088
6186,540088
6187,540088
6188,540088
6189,540088
6190,540088
6191,540088
6192,540088
6193,540088
6194,540088
6195,540088
6196,540088
6197,540088
6198,540088
6199,540088
6200,540088
6201,540088
6202,540088
6203,540088
6204,540088
6205,540088
6206,540088
6207,540088
6208,540088
6209,540088
6210,540088
6211,540088
6212,540088
6213,540088
6214,540088
6215,540088
6216,540088
6217,540088
6218,540088
6219,540088
6220,540088
6221,540088
6222,540088
6223,540088
6224,540088
6225,540088
6226,540088
6227,540088
6228,540088
6229,540088
6230,540088
6231,540088
6232,540088
6233,540088
6234,540088
6235,540088
6236,540088
6237,540088
6238,540088
6239,540088
6240,540088
6241,540088
6242,540088
6243,540088
6244,540088
6245,540088
6246,540088
6247,540088
6248,540088
6249,540088
6250,540088
6251,540088
6252,540088
6253,540088
6254,540088
6255,540088
6256,540088
6257,540088
6258,540088
6259,540088
6260,540088
6261,540088
6262,540088
6263,540088
6264,540088
6265,540088
6266,540088
6267,540088
6268,540088
6269,540088
6270,540088
6271,540088
6272,540088
6273,540088
6274,540088
6275,540088
6276,540088
6277,540088
6278,540088
6279,540088
6280,540088
6281,540088
6282,540088
6283,540088
6284,540088
6285,540088
6286,540088
6287,540088
6288,540088
6289,540088
6290,540088
6291,540088
6292,540088
6293,540088
6294,540088
6295,540088
6296,540088
6297,540088
6298,540088
6299,540088
6300,540088
6301,540088
6302,540088
6303,540088
6304,540088
6305,540088
6306,540088
6307,540088
6308,540088
6309,540088
6310,540088
6311,540088
6312,540088
6313,540088
6314,540088
6315,540088
6316,540088
6317,540088
6318,540088
6319,540088
6320,540088
6321,540088
6322,540088
6323,540088
6324,540088
6325,540088
6326,540088
6327,540088
6328,540088
6329,540088
6330,540088
6331,540088
6332,540088
6333,540088
6334,540088
6335,540088
6336,540088
6337,540088
6338,540088
6339,540088
6340,540088
6341,540088
6342,540088
6343,540088
6344,540088
6345,540088
6346,540088
6347,540088
6348,540088
6349,540088
6350,540088
6351,540088
6352,540088
6353,540088
6354,540088
6355,540088
6356,540088
6357,540088
6358,540088
6359,540088
6360,540088
6361,540088
6362,540088
6363,540088
6364,540088
6365,540088
6366,540088
6367,540088
6368,540088
6369,540088
6370,540088
6371,540088
6372,540088
6373,540088
6374,540088
6375,540088
6376,540088
6377,540088
6378,540088
6379,540088
6380,540088
6381,540088
6382,540088
6383,540088
6384,540088
6385,540088
6386,540088
6387,540088
6388,540088
6389,540088
6390,540088
6391,540088
6392,540088
6393,540088
6394,540088
6395,540088
6396,540088
6397,540088
6398,540088
6399,540088
6400,540088
6401,540088
6402,540088
6403,540088
6404,540088
6405,540088
6406,540088
6407,540088
6408,540088
6409,540088
6410,540088
6411,540088
6412,540088
6413,540088
6414,540088
6415,540088
6416,540088
6417,540088
6418,540088
6419,540088
6420,540088
6421,540088
6422,540088
6423,540088
6424,540088
6425,540088
6426,540088
6427,540088
6428,540088
6429,540088
6430,540088
6431,540088
6432,540088
6433,540088
6434,540088
6435,540088
6436,540088
6437,540088
6438,540088
6439,540088
6440,540088
6441,540088
6442,540088
6443,540088
6444,540088
6445,540088
6446,540088
6447,540088
6448,540088
6449,540088
6450,540088
6451,540088
6452,540088
6453,540088
6454,540088
6455,540088
6456,540088
6457,540088
6458,540088
6459,540088
6460,540088
6461,540088
6462,540088
6463,540088
6464,540088
6465,540088
6466,540088
6467,540088
6468,540088
6469,540088
6470,540088
6471,540088
6472,540088
6473,540088
6474,540088
6475,540088
6476,540088
6477,540088
6478,540088
6479,540088
6480,540088
6481,540088
6482,540088
6483,540088
6484,540088
6485,540088